Workbook

Sheet README
B2: NorthBridge Retail Group — ERP Delivery Risk & Escalation Assistant
B3: Capstone Project 02: Consulting or Project Delivery Assistant — Gen AI for Business
B6: Project_Plan | C6: Deterministic input. The baseline programme plan (workstreams, owners, dates). Used to validate extracted data.
B7: Meeting_Transcripts | C7: Unstructured input. Three fictional meeting transcripts (raw text) — this is what Claude reads.
B8: Claude_Extracted_Actions | C8: Gen AI output (Claude node #1). Actions, owners, due dates and priorities extracted from the transcripts, with the source quote kept for traceability.
B9: Risk_Action_Tracker | C9: Deterministic logic (n8n Function/Code node — no AI). Cross-checks each extracted owner against Project_Plan and calculates OVERDUE / AT RISK / ON TRACK status from real dates, using formulas — not AI judgement.
B10: Status_Report_BLUF | C10: Gen AI output (Claude node #2). The weekly leadership status update, generated from the tracker, structured using the BLUF framework (Bottom Line Up Front).
B11: Steering_Committee_SCQA | C11: Gen AI output (Claude node #3, stretch). A steering-committee-ready escalation brief structured using SCQA (Situation-Complication-Question-Answer).
B13: Colour legend
B14: Blue text | C14: Hardcoded input, or sample AI-generated output (what Claude would return when the n8n workflow runs)
B15: Black text | C15: Live spreadsheet formula — deterministic calculation or validation
B16: Yellow fill | C16: Assumption or cell you may want to edit/re-run (e.g. TODAY() driven status)
B18: Business metrics this should improve
B19: - PMO hours/week spent manually drafting status reports and risk logs (target: material reduction).
B20: - Time-to-detection: days between a risk first being mentioned in a meeting and it being flagged/escalated (target: same week, not discovered at the next steering committee).
B22: Limitations & what's needed before real deployment
B23: - All data (company, people, transcripts) is synthetic, built for this capstone only.
B24: - Owner validation is exact-string matching against Project_Plan, not fuzzy/identity-resolved — a real deployment needs an HR/directory lookup.
B25: - No bias, privacy, or legal review of AI-drafted content has been performed; a real rollout needs a defined approval owner and audit log, not just a Slack DM.
B26: - Anthropic API key must be stored in n8n's credential store (never hardcoded) and access to the workflow restricted to the PMO team.
B27: - Error handling, retries, and rate-limit handling on the Claude API calls are not built out for production volume.

Sheet Project_Plan
A1: Workstream | B1: Task | C1: Owner | D1: Planned_Start | E1: Planned_End | F1: Baseline_Status
A2: Program Management | B2: Programme charter & governance setup | C2: Rahul Verma | D2: 2026-05-04 | E2: 2026-05-15 | F2: Complete
A3: Program Management | B3: Steering committee cadence established | C3: Rahul Verma | D3: 2026-05-11 | E3: 2026-05-18 | F3: Complete
A4: Finance & Controlling | B4: Chart of accounts redesign | C4: Priya Nair | D4: 2026-05-18 | E4: 2026-06-19 | F4: Complete
A5: Finance & Controlling | B5: Finance UAT (cycle 1) | C5: Priya Nair | D5: 2026-07-20 | E5: 2026-08-14 | F5: In Progress
A6: Supply Chain & Inventory | B6: Inventory master data cleansing | C6: Marcus Chen | D6: 2026-05-25 | E6: 2026-06-26 | F6: Complete
A7: Supply Chain & Inventory | B7: Warehouse module configuration | C7: Marcus Chen | D7: 2026-06-29 | E7: 2026-08-07 | F7: In Progress
A8: Data Migration | B8: Legacy data extraction (Finance) | C8: Fatima Rahman | D8: 2026-06-01 | E8: 2026-06-30 | F8: Complete
A9: Data Migration | B9: Legacy data extraction (Supply Chain) | C9: Fatima Rahman | D9: 2026-06-15 | E9: 2026-07-24 | F9: At Risk
A10: Data Migration | B10: Mock load & reconciliation (dry run 2) | C10: Fatima Rahman | D10: 2026-07-27 | E10: 2026-08-14 | F10: In Progress
A11: Change Management & Training | B11: Super-user training curriculum | C11: James O'Connor | D11: 2026-06-08 | E11: 2026-07-10 | F11: Complete
A12: Change Management & Training | B12: Store manager training rollout | C12: James O'Connor | D12: 2026-07-27 | E12: 2026-08-21 | F12: In Progress
... A17: Vendor & Infrastructure | B17: Integration middleware performance test | C17: Fatima Rahman | D17: 2026-07-13 | E17: 2026-08-07 | F17: At Risk

Sheet Meeting_Transcripts
A1: Meeting_ID | B1: Date | C1: Meeting_Title | D1: Attendees | E1: Transcript_Text
A2: M1 | B2: 2026-08-03 | C2: Weekly Programme Status Meeting | D2: Rahul Verma (PM), Priya Nair, Marcus Chen, Fatima Rahman, Ana Souza | E2: Rahul (PM): Let's do the weekly round-robin. Fatima, where are we on the supply chain data extraction? Fatima: Not where I want to be. The legacy WMS vendor is throttling our API calls, so extraction is running about five business days behind. I need until August 10th to finish the full pull. Rahul: Can we live with that against the mock load date? Fatima: Tight but workable, if Marcus can validate a sample reconciliation as soon as I hand it over, say by the same date, August 10th. Marcus: I can do that, I'll block time for it. Rahul: Ana, UAT status? Ana: Fourteen open defects in the Finance module, three are severity-1 and blocking sign-off. Priya, I need your team to retest those three by August 12th or we lose the buffer before cutover rehearsal. Priya: Understood, we'll prioritise the severity-1s and retest by the 12th. Rahul: James isn't on the call today, but I need the store manager training rollout schedule from him — let's flag that he should send it to the group by August 7th. Marcus: One more thing — we ran a load test on the integration middleware and saw latency spikes that could affect nightly batch runs post go-live. I think we need to escalate this to TechFlow Middleware formally, we can't just monitor it. If we don't get a response by August 11th we're going to put the cutover rehearsal date at risk. Rahul: Agreed, I'll own getting that escalated.
A3: M2 | B3: 2026-08-04 | C3: Steering Committee Prep / Risk Review | D3: Rahul Verma (PM), Elena Diaz (Sponsor), Priya Nair, Fatima Rahman | E3: Elena (Sponsor): Before we finalise the steering committee deck, I want to understand the budget picture. I'm seeing change requests stacking up. Rahul: Yes, we've had three vendor change requests since the last steering committee. I'll pull together a consolidated change-request cost summary and have it to you by August 6th, ahead of the meeting. Elena: Good, the committee will ask. Fatima: I also want to flag formally that Data Migration should move to 'At Risk' on the RAID log. Given the extraction delay, we have a real decision to make: either we push UAT cycle 2 out by a week, or we accept the compressed timeline and the quality risk that comes with it. I don't think that's a decision I should be making alone, it needs to go to the steering committee as a formal ask, ideally flagged before the 6th so they have time to think about it. Rahul: Fair, I'll add it as a decision item on the steering committee agenda. Priya: And separately, the severity-1 defects Ana mentioned - two of them trace back to a configuration gap on SAP AMS's side, not ours. I think we have a legitimate SLA concern. Rahul, can you send a formal escalation to TechFlow Middleware and SAP AMS? I'd like that out by the 6th as well so it's on record before the committee meets. Rahul: I'll get that email out.
A4: M3 | B4: 2026-08-04 | C4: Change Management Working Session | D4: James O'Connor, Rahul Verma (drop-in), Regional Ops Lead | E4: James: Quick update on training. Overall rollout is on track, but registration numbers are soft in two regions - Southeast and Midwest are both under 40% registered, and we're up against the August 21st deadline. Regional Ops Lead: That tracks with what I'm hearing, store managers are deprioritising it against holiday prep. James: I think we need a direct reminder push to those store managers, and honestly I think it needs to be escalated to the regional VP so it gets mandated rather than just recommended. Let's target getting that out by August 8th. Rahul (drop-in): Agreed, don't let that slide, low adoption is exactly the kind of thing that becomes a go-live problem nobody saw coming. James: Separately, the super-user community FAQ is getting stale - a few of the UAT defects Ana's team found are generating repeat questions. I'll refresh the FAQ doc with guidance on those by August 13th.

Sheet Claude_Extracted_Actions
A1: Action_ID | B1: Source_Meeting | C1: Type | D1: Action_Item | E1: Owner | F1: Due_Date | G1: Priority_AI | H1: Source_Quote
A2: A1 | B2: M1 | C2: Action | D2: Complete supply chain legacy data extraction (resolve WMS API throttling) | E2: Fatima Rahman | F2: 2026-08-10 | G2: High | H2: extraction is running about five business days behind... I need until August 10th to finish the full pull
A3: A2 | B3: M1 | C3: Action | D3: Validate sample reconciliation of supply chain extraction | E3: Marcus Chen | F3: 2026-08-10 | G3: Medium | H3: Marcus can validate a sample reconciliation as soon as I hand it over, say by the same date, August 10th
A4: A3 | B4: M1 | C4: Action | D4: Retest 3 severity-1 Finance UAT defects | E4: Priya Nair | F4: 2026-08-12 | G4: High | H4: we'll prioritise the severity-1s and retest by the 12th
A5: A4 | B5: M1 | C5: Action | D5: Send store manager training rollout schedule | E5: James O'Connor | F5: 2026-08-07 | G5: Medium | H5: let's flag that he should send it to the group by August 7th
A6: A5 | B6: M1 | C6: Action | D6: Formally escalate integration middleware latency issue to TechFlow Middleware | E6: Rahul Verma | F6: 2026-08-11 | G6: High | H6: we're going to put the cutover rehearsal date at risk... I'll own getting that escalated
A7: A6 | B7: M2 | C7: Action | D7: Prepare consolidated vendor change-request cost summary for Steering Committee | E7: Rahul Verma | F7: 2026-08-06 | G7: High | H7: I'll pull together a consolidated change-request cost summary and have it to you by August 6th
A8: A7 | B8: M2 | C8: Decision | D8: Steering Committee to decide: delay UAT cycle 2 by one week vs. accept compressed-timeline risk | E8: Steering Committee | F8: 2026-08-06 | G8: High | H8: it needs to go to the steering committee as a formal ask, ideally flagged before the 6th
A9: A8 | B9: M2 | C9: Action | D9: Send formal SLA escalation email to TechFlow Middleware / SAP AMS re: severity-1 defects | E9: Rahul Verma | F9: 2026-08-06 | G9: High | H9: can you send a formal escalation to TechFlow Middleware and SAP AMS? I'd like that out by the 6th
A10: A9 | B10: M3 | C10: Action | D10: Send training reminder and escalate low registration (Southeast, Midwest) to Regional VP | E10: James O'Connor | F10: 2026-08-08 | G10: Medium | H10: it needs to be escalated to the regional VP so it gets mandated... target getting that out by August 8th
A11: A10 | B11: M3 | C11: Action | D11: Refresh super-user FAQ with guidance on new UAT defects | E11: James O'Connor | F11: 2026-08-13 | G11: Low | H11: I'll refresh the FAQ doc with guidance on those by August 13th

Sheet Risk_Action_Tracker
A1: Action_ID | B1: Action_Item | C1: Owner | D1: Owner_Valid_vs_Plan | E1: Due_Date | F1: Days_To_Due | G1: Priority_AI | H1: Status_Calculated | I1: Escalation_Note
A2: =Claude_Extracted_Actions!A2 -> A1 | B2: =Claude_Extracted_Actions!D2 -> Complete supply chain legacy data extraction (resolve WMS API throttling) | C2: =Claude_Extracted_Actions!E2 -> Fatima Rahman | D2: =IFERROR(IF(MATCH(C2,Project_Plan!$C$2:$C$17,0)>0,"Valid Owner","NOT FOUND IN PLAN"),"NOT FOUND IN PLAN") -> Valid Owner | E2: =Claude_Extracted_Actions!F2 -> 2026-08-10 | F2: =E2-TODAY() -> 5 | G2: =Claude_Extracted_Actions!G2 -> High | H2: =IF(F2<0,"OVERDUE",IF(F2<=3,"AT RISK","ON TRACK")) -> ON TRACK | I2: =IF(AND(H2="OVERDUE",G2="High"),"ESCALATE TO STEERING COMMITTEE",IF(H2="OVERDUE","Escalate to workstream lead",IF(H2="AT RISK","Monitor daily","On track — no action"))) -> On track — no action
A3: =Claude_Extracted_Actions!A3 -> A2 | B3: =Claude_Extracted_Actions!D3 -> Validate sample reconciliation of supply chain extraction | C3: =Claude_Extracted_Actions!E3 -> Marcus Chen | D3: =IFERROR(IF(MATCH(C3,Project_Plan!$C$2:$C$17,0)>0,"Valid Owner","NOT FOUND IN PLAN"),"NOT FOUND IN PLAN") -> Valid Owner | E3: =Claude_Extracted_Actions!F3 -> 2026-08-10 | F3: =E3-TODAY() -> 5 | G3: =Claude_Extracted_Actions!G3 -> Medium | H3: =IF(F3<0,"OVERDUE",IF(F3<=3,"AT RISK","ON TRACK")) -> ON TRACK | I3: =IF(AND(H3="OVERDUE",G3="High"),"ESCALATE TO STEERING COMMITTEE",IF(H3="OVERDUE","Escalate to workstream lead",IF(H3="AT RISK","Monitor daily","On track — no action"))) -> On track — no action
A4: =Claude_Extracted_Actions!A4 -> A3 | B4: =Claude_Extracted_Actions!D4 -> Retest 3 severity-1 Finance UAT defects | C4: =Claude_Extracted_Actions!E4 -> Priya Nair | D4: =IFERROR(IF(MATCH(C4,Project_Plan!$C$2:$C$17,0)>0,"Valid Owner","NOT FOUND IN PLAN"),"NOT FOUND IN PLAN") -> Valid Owner | E4: =Claude_Extracted_Actions!F4 -> 2026-08-12 | F4: =E4-TODAY() -> 7 | G4: =Claude_Extracted_Actions!G4 -> High | H4: =IF(F4<0,"OVERDUE",IF(F4<=3,"AT RISK","ON TRACK")) -> ON TRACK | I4: =IF(AND(H4="OVERDUE",G4="High"),"ESCALATE TO STEERING COMMITTEE",IF(H4="OVERDUE","Escalate to workstream lead",IF(H4="AT RISK","Monitor daily","On track — no action"))) -> On track — no action
A5: =Claude_Extracted_Actions!A5 -> A4 | B5: =Claude_Extracted_Actions!D5 -> Send store manager training rollout schedule | C5: =Claude_Extracted_Actions!E5 -> James O'Connor | D5: =IFERROR(IF(MATCH(C5,Project_Plan!$C$2:$C$17,0)>0,"Valid Owner","NOT FOUND IN PLAN"),"NOT FOUND IN PLAN") -> Valid Owner | E5: =Claude_Extracted_Actions!F5 -> 2026-08-07 | F5: =E5-TODAY() -> 2 | G5: =Claude_Extracted_Actions!G5 -> Medium | H5: =IF(F5<0,"OVERDUE",IF(F5<=3,"AT RISK","ON TRACK")) -> AT RISK | I5: =IF(AND(H5="OVERDUE",G5="High"),"ESCALATE TO STEERING COMMITTEE",IF(H5="OVERDUE","Escalate to workstream lead",IF(H5="AT RISK","Monitor daily","On track — no action"))) -> Monitor daily
A6: =Claude_Extracted_Actions!A6 -> A5 | B6: =Claude_Extracted_Actions!D6 -> Formally escalate integration middleware latency issue to TechFlow Middleware | C6: =Claude_Extracted_Actions!E6 -> Rahul Verma | D6: =IFERROR(IF(MATCH(C6,Project_Plan!$C$2:$C$17,0)>0,"Valid Owner","NOT FOUND IN PLAN"),"NOT FOUND IN PLAN") -> Valid Owner | E6: =Claude_Extracted_Actions!F6 -> 2026-08-11 | F6: =E6-TODAY() -> 6 | G6: =Claude_Extracted_Actions!G6 -> High | H6: =IF(F6<0,"OVERDUE",IF(F6<=3,"AT RISK","ON TRACK")) -> ON TRACK | I6: =IF(AND(H6="OVERDUE",G6="High"),"ESCALATE TO STEERING COMMITTEE",IF(H6="OVERDUE","Escalate to workstream lead",IF(H6="AT RISK","Monitor daily","On track — no action"))) -> On track — no action
A7: =Claude_Extracted_Actions!A7 -> A6 | B7: =Claude_Extracted_Actions!D7 -> Prepare consolidated vendor change-request cost summary for Steering Committee | C7: =Claude_Extracted_Actions!E7 -> Rahul Verma | D7: =IFERROR(IF(MATCH(C7,Project_Plan!$C$2:$C$17,0)>0,"Valid Owner","NOT FOUND IN PLAN"),"NOT FOUND IN PLAN") -> Valid Owner | E7: =Claude_Extracted_Actions!F7 -> 2026-08-06 | F7: =E7-TODAY() -> 1 | G7: =Claude_Extracted_Actions!G7 -> High | H7: =IF(F7<0,"OVERDUE",IF(F7<=3,"AT RISK","ON TRACK")) -> AT RISK | I7: =IF(AND(H7="OVERDUE",G7="High"),"ESCALATE TO STEERING COMMITTEE",IF(H7="OVERDUE","Escalate to workstream lead",IF(H7="AT RISK","Monitor daily","On track — no action"))) -> Monitor daily
A8: =Claude_Extracted_Actions!A8 -> A7 | B8: =Claude_Extracted_Actions!D8 -> Steering Committee to decide: delay UAT cycle 2 by one week vs. accept compressed-timeline risk | C8: =Claude_Extracted_Actions!E8 -> Steering Committee | D8: =IFERROR(IF(MATCH(C8,Project_Plan!$C$2:$C$17,0)>0,"Valid Owner","NOT FOUND IN PLAN"),"NOT FOUND IN PLAN") -> NOT FOUND IN PLAN | E8: =Claude_Extracted_Actions!F8 -> 2026-08-06 | F8: =E8-TODAY() -> 1 | G8: =Claude_Extracted_Actions!G8 -> High | H8: =IF(F8<0,"OVERDUE",IF(F8<=3,"AT RISK","ON TRACK")) -> AT RISK | I8: =IF(AND(H8="OVERDUE",G8="High"),"ESCALATE TO STEERING COMMITTEE",IF(H8="OVERDUE","Escalate to workstream lead",IF(H8="AT RISK","Monitor daily","On track — no action"))) -> Monitor daily
A9: =Claude_Extracted_Actions!A9 -> A8 | B9: =Claude_Extracted_Actions!D9 -> Send formal SLA escalation email to TechFlow Middleware / SAP AMS re: severity-1 defects | C9: =Claude_Extracted_Actions!E9 -> Rahul Verma | D9: =IFERROR(IF(MATCH(C9,Project_Plan!$C$2:$C$17,0)>0,"Valid Owner","NOT FOUND IN PLAN"),"NOT FOUND IN PLAN") -> Valid Owner | E9: =Claude_Extracted_Actions!F9 -> 2026-08-06 | F9: =E9-TODAY() -> 1 | G9: =Claude_Extracted_Actions!G9 -> High | H9: =IF(F9<0,"OVERDUE",IF(F9<=3,"AT RISK","ON TRACK")) -> AT RISK | I9: =IF(AND(H9="OVERDUE",G9="High"),"ESCALATE TO STEERING COMMITTEE",IF(H9="OVERDUE","Escalate to workstream lead",IF(H9="AT RISK","Monitor daily","On track — no action"))) -> Monitor daily
A10: =Claude_Extracted_Actions!A10 -> A9 | B10: =Claude_Extracted_Actions!D10 -> Send training reminder and escalate low registration (Southeast, Midwest) to Regional VP | C10: =Claude_Extracted_Actions!E10 -> James O'Connor | D10: =IFERROR(IF(MATCH(C10,Project_Plan!$C$2:$C$17,0)>0,"Valid Owner","NOT FOUND IN PLAN"),"NOT FOUND IN PLAN") -> Valid Owner | E10: =Claude_Extracted_Actions!F10 -> 2026-08-08 | F10: =E10-TODAY() -> 3 | G10: =Claude_Extracted_Actions!G10 -> Medium | H10: =IF(F10<0,"OVERDUE",IF(F10<=3,"AT RISK","ON TRACK")) -> AT RISK | I10: =IF(AND(H10="OVERDUE",G10="High"),"ESCALATE TO STEERING COMMITTEE",IF(H10="OVERDUE","Escalate to workstream lead",IF(H10="AT RISK","Monitor daily","On track — no action"))) -> Monitor daily
A11: =Claude_Extracted_Actions!A11 -> A10 | B11: =Claude_Extracted_Actions!D11 -> Refresh super-user FAQ with guidance on new UAT defects | C11: =Claude_Extracted_Actions!E11 -> James O'Connor | D11: =IFERROR(IF(MATCH(C11,Project_Plan!$C$2:$C$17,0)>0,"Valid Owner","NOT FOUND IN PLAN"),"NOT FOUND IN PLAN") -> Valid Owner | E11: =Claude_Extracted_Actions!F11 -> 2026-08-13 | F11: =E11-TODAY() -> 8 | G11: =Claude_Extracted_Actions!G11 -> Low | H11: =IF(F11<0,"OVERDUE",IF(F11<=3,"AT RISK","ON TRACK")) -> ON TRACK | I11: =IF(AND(H11="OVERDUE",G11="High"),"ESCALATE TO STEERING COMMITTEE",IF(H11="OVERDUE","Escalate to workstream lead",IF(H11="AT RISK","Monitor daily","On track — no action"))) -> On track — no action
B13: Every cell in this tab is a live formula (black text). Nothing here is written or judged by the AI — this is the deterministic validation/calculation layer the capstone brief asks for.

Sheet Status_Report_BLUF
B2: Weekly Programme Status Update — NorthBridge ERP Transformation
B3: Generated by Claude from Risk_Action_Tracker (Claude node #2) | Week ending 2026-08-05 | Structured using the BLUF framework
B5: BOTTOM LINE
B6: Programme remains on track for the August 21 training and UAT milestones, but 5 of the 10 open actions from this week's meetings are due within 3 days and need attention now. One action lacks a named individual owner and was automatically flagged by the tracker. One decision requires the Steering Committee before August 6.
B8: PROGRESS THIS WEEK
B9: - Supply chain legacy data extraction is proceeding despite a WMS vendor API throttling delay; full pull still expected by August 10, with Marcus Chen validating a reconciliation sample the same day. - Finance UAT: 14 defects open (3 severity-1); retest of severity-1s committed for August 12. - Store manager training rollout is on schedule overall against the August 21 deadline. - System Integration Testing (SIT) is complete; UAT and cutover rehearsal are the next gates.
B11: RISKS (AT RISK OR REQUIRING DECISION)
B12: - Data Migration workstream is At Risk. A decision is needed by August 6 on delaying UAT cycle 2 by one week versus accepting a compressed-timeline quality risk — see attached SCQA Steering Committee brief. - Integration middleware latency issue escalated to TechFlow Middleware; if no vendor response by August 11, the cutover rehearsal date is at risk. - Store manager training registration is under 40% in the Southeast and Midwest regions ahead of the August 21 deadline; escalation to the Regional VP requested by August 8. - Two severity-1 Finance UAT defects trace to a SAP AMS configuration gap; a formal SLA escalation was due August 6.
B14: ASKS OF LEADERSHIP
B15: 1. Steering Committee: decide on the UAT cycle 2 timeline by August 6 (formal ask, see SCQA brief). 2. Assign a named, individual owner for the UAT-cycle-2 decision follow-through — the tracker currently shows 'Steering Committee' as the owner, which is not a trackable individual and was flagged automatically by the validation check, not by a person. 3. Approve the SLA escalation email to TechFlow Middleware / SAP AMS. 4. Note for next steering committee: consolidated vendor change-request cost summary attached separately.
B17: HOW THIS WAS PRODUCED
B18: This update was drafted automatically by Claude from the Risk_Action_Tracker tab, which is itself 100% spreadsheet formulas (date math + lookup validation, zero AI). Claude only wrote the narrative language; every status, date, and owner-validation check came from deterministic calculation. A programme manager reviews and edits this draft before it is sent — nothing here goes to the Steering Committee unreviewed.

Sheet Steering_Committee_SCQA
B2: Steering Committee Escalation Brief — Data Migration Timeline Decision
B3: Generated by Claude (Claude node #3, optional extension) | Structured using the SCQA framework
B5: SITUATION
B6: NorthBridge's ERP transformation programme is in its Data Migration and Testing & Cutover phases, with System Integration Testing complete and UAT cycle 1 underway. Go-live readiness depends on a clean Supply Chain data extraction and a successful mock load ahead of cutover rehearsal on August 24.
B8: COMPLICATION
B9: The legacy warehouse management system vendor is throttling API calls during extraction, putting the Supply Chain data pull five business days behind schedule. This pushes reconciliation and validation into the same window originally reserved for UAT cycle 2, compressing the time available to catch and fix data-quality defects before cutover rehearsal.
B11: QUESTION
B12: Should the Steering Committee approve a one-week delay to UAT cycle 2 to protect data-quality testing time, or hold the current date and accept an elevated risk of defects escaping into cutover rehearsal?
B14: ANSWER / RECOMMENDATION
B15: Recommend delaying UAT cycle 2 by one week. The cost is a compressed but still workable runway to the August 24 cutover rehearsal date; the alternative risk is discovering data-quality defects during rehearsal itself, which is materially more expensive to fix under time pressure and closer to go-live. This recommendation is a draft input for discussion — final call rests with the Steering Committee, not with this system.
